{"beta":0.43718042969703674,"eps":0.5786383748054504,"train_count":22,"update_count":113}