{"beta":0.43796148896217346,"eps":0.5708370804786682,"train_count":16,"update_count":91}